Country,Continent,Area,Birth rate,Current account balance,Death rate,Electricity consumption,Electricity production,Exports,GDP,GDP per capita,GDP real growth rate,Highways,Imports,Industrial production growth rate,Infant mortality rate,Inflation rate,Internet users,Investment,Labor force,Life expectancy at birth,Military expenditures,Natural gas consumption,Oil consumption,Population,Public debt,Railways,Reserves of foreign exchange & gold,Total fertility rate,Unemployment rate
United States,America,9631418,14.14,"-646,500,000,000.00",8.25,3.66E+12,3.839E+12,7.95E+11,1.175E+13,40100,4.4,6393603,1.476E+12,4.4,6.5,2.5,"159,000,000.00",15.7,"147,400,000",77.71,3.3,"640,900,000,000.00","19,650,000","295,734,134",65,228464,"85,940,000,000.00",2.08,5.5
Norway,Europe,324220,11.67,"30,520,000,000.00",9.45,1.074E+11,1.259E+11,76640000000,1.83E+11,40000,3.3,91852,45960000000,5.2,3.7,1,"2,288,000.00",17.5,"2,380,000",79.4,1.9,"4,100,000,000.00","171,100","4,593,041",33.1,4077,,1.78,4.3
Hong Kong,Asia,1092,7.23,"14,850,000,000.00",5.98,38450000000,35510000000,2.681E+11,2.345E+11,34200,7.9,1831,2.759E+11,1,2.97,-0.3,"3,212,800.00",22.7,"3,540,000",81.39,,"680,900,000.00","257,000","6,898,686",2.1,,"123,600,000,000.00",0.91,6.7
Switzerland,Europe,41290,9.77,"40,950,000,000.00",8.48,54530000000,63470000000,1.307E+11,2.519E+11,33800,1.8,71212,1.211E+11,4.7,4.39,0.9,"2,556,000.00",20.4,"3,770,000",80.39,1,"3,093,000,000.00","290,400","7,489,370",57.2,4533,"69,580,000,000.00",1.42,3.4
Denmark,Europe,43094,11.36,"6,529,000,000.00",10.43,31630000000,36380000000,73060000000,1.744E+11,32200,2.1,71847,63450000000,1.7,4.56,1.4,"2,756,000.00",19.8,"2,870,000",77.62,1.5,"5,280,000,000.00","218,000","5,432,335",42.5,3002,"37,980,000,000.00",1.74,6.2
Iceland,Europe,103000,13.73,"-570,000,000.00",6.68,7692000000,8271000000,2902000000,9373000000,31900,1.8,13004,3307000000,8.8,3.31,4,"195,000.00",23.8,"158,100",80.19,,,"16,300","296,737",35.9,,"935,000,000.00",1.92,3.1
Ireland,Europe,70280,14.47,"-2,881,000,000.00",7.85,21780000000,22880000000,1.038E+11,1.264E+11,31900,5.1,95736,60650000000,7,5.39,2.2,"1,260,000.00",23.8,"1,920,000",77.56,0.9,"4,199,000,000.00","174,400","4,015,676",31.2,3312,"4,152,000,000.00",1.87,4.3
Canada,America,9984670,10.84,"28,200,000,000.00",7.73,4.873E+11,5.489E+11,3.156E+11,1.023E+12,31500,2.4,1408800,2.561E+11,2,4.75,1.9,"16,110,000.00",19.4,"17,370,000",80.1,1.1,"55,800,000,000.00","2,200,000","32,805,041",,48909,"36,270,000,000.00",1.61,7
Austria,Europe,83870,8.81,"-3,283,000,000.00",9.7,55090000000,58490000000,1.027E+11,2.559E+11,31300,1.9,200000,1.012E+11,3.3,4.66,1.8,"3,730,000.00",22.6,"3,450,000",78.92,0.9,"7,810,000,000.00","262,400","8,184,691",64.2,6021,"12,730,000,000.00",1.36,4.4
Australia,Oceania,7686850,12.26,"-38,300,000,000.00",7.44,1.956E+11,2.103E+11,86890000000,6.117E+11,30700,3.5,811603,98100000000,1.9,4.69,2.3,"9,472,000.00",25.3,"10,350,000",80.39,2.7,"23,330,000,000.00","796,500","20,090,437",17.4,43802,"35,140,000,000.00",1.76,5.1
Belgium,Europe,30528,10.48,"11,400,000,000.00",10.22,78820000000,76580000000,2.557E+11,3.162E+11,30600,2.6,149028,2.35E+11,3.5,4.68,1.9,"3,400,000.00",19.1,"4,750,000",78.62,1.3,"15,500,000,000.00","595,100","10,364,388",96.2,3518,"14,450,000,000.00",1.64,12
United Kingdom,Asia,244820,10.78,"-33,460,000,000.00",10.18,3.374E+11,3.959E+11,3.472E+11,1.782E+12,29600,3.2,392931,4.394E+11,0.9,5.16,1.4,"25,000,000.00",16.2,"29,780,000",78.38,2.4,"92,850,000,000.00","1,692,000","60,441,457",39.6,17186,"48,730,000,000.00",1.66,4.8
Netherlands,Europe,41526,11.14,"19,900,000,000.00",8.68,1.007E+11,90610000000,2.931E+11,4.811E+11,29500,1.2,116500,2.527E+11,0.8,5.04,1.4,"8,500,000.00",19.9,"7,530,000",78.81,1.6,"49,720,000,000.00","895,300","16,407,491",55.8,2808,"21,440,000,000.00",1.66,6
Japan,Asia,377835,9.47,"170,200,000,000.00",8.95,9.71E+11,1.044E+12,5.388E+11,3.745E+12,29400,2.9,1171647,4.018E+11,6.6,3.26,-0.1,"57,200,000.00",24,"66,970,000",81.15,1,"80,420,000,000.00","5,290,000","127,417,244",164.3,23705,"664,600,000,000.00",1.39,4.7
Finland,Europe,338145,10.5,"11,390,000,000.00",9.79,78580000000,71590000000,61040000000,1.512E+11,29000,3,78197,45170000000,2,3.57,0.7,"2,650,000.00",18.3,"2,660,000",78.35,2,"4,557,000,000.00","211,400","5,223,442",46.8,5851,"11,170,000,000.00",1.73,8.9
France,Europe,547030,12.15,"-305,000,000.00",9.08,4.147E+11,5.286E+11,4.19E+11,1.737E+12,28700,2.1,893100,4.197E+11,1.7,4.26,2.3,"21,900,000.00",19.2,"27,700,000",79.6,2.6,"42,010,000,000.00","2,026,000","60,656,178",67.7,32175,"70,760,000,000.00",1.85,10.1
Germany,Europe,357021,8.33,"73,590,000,000.00",10.55,5.195E+11,5.6E+11,8.933E+11,2.362E+12,28700,1.7,230735,7.167E+11,2.2,4.16,1.6,"39,000,000.00",17.6,"42,630,000",78.65,1.5,"99,550,000,000.00","2,891,000","82,431,390",65.8,46039,"96,840,000,000.00",1.39,10.6
Sweden,Europe,449964,10.36,"24,080,000,000.00",10.36,1.381E+11,1.428E+11,1.217E+11,2.554E+11,28400,3.6,213237,97970000000,5.5,2.77,0.7,"5,125,000.00",15.8,"4,460,000",80.4,1.7,"949,000,000.00","328,600","9,001,774",51.6,11481,"19,990,000,000.00",1.66,5.6
Singapore,Asia,693,9.49,"8,800,000,000.00",4.16,32000000000,35330000000,1.74E+11,1.209E+11,27800,8.1,3130,1.552E+11,11.1,2.29,1.7,"2,310,000.00",27.4,"2,180,000",81.62,4.9,"2,500,000,000.00","700,000","4,425,720",102.5,,"112,800,000,000.00",1.05,3.4
Italy,Europe,301230,8.89,"-21,100,000,000.00",10.3,2.939E+11,2.616E+11,3.364E+11,1.609E+12,27700,1.3,479688,3.293E+11,0.7,5.94,2.3,"18,500,000.00",19.3,"24,270,000",79.68,1.8,"71,180,000,000.00","1,866,000","58,103,033",105.6,19507,"61,500,000,000.00",1.28,8.6
Taiwan,Asia,35980,12.64,"21,160,000,000.00",6.38,1.474E+11,1.585E+11,1.705E+11,5.762E+11,25300,6,37299,1.654E+11,12.2,6.4,1.7,"13,800,000.00",18,"10,220,000",77.26,2.6,"6,640,000,000.00","988,000","22,894,384",32.4,2508,"246,500,000,000.00",1.57,4.5
United Arab Emirates,Asia,82880,18.78,"6,300,000,000.00",4.26,36510000000,45120000000,69480000000,63670000000,25200,5.7,1088,45660000000,4,14.51,3.2,"1,110,200.00",20.8,"2,360,000",75.24,3.1,"33,700,000,000.00","310,000","2,563,212",17.6,,"18,640,000,000.00",2.94,2.4
Spain,Europe,504782,10.1,"-30,890,000,000.00",9.63,2.184E+11,2.29E+11,1.725E+11,9.376E+11,23300,2.6,664852,2.22E+11,3,4.42,3.2,"9,789,000.00",25.4,"19,330,000",79.52,1.2,"17,960,000,000.00","1,497,000","40,341,462",53.2,14268,"19,700,000,000.00",1.28,10.4
New Zealand,Oceania,268680,13.9,"-3,647,000,000.00",7.53,35710000000,38390000000,19850000000,92510000000,23200,4.8,92382,19770000000,5.9,5.85,2.4,"2,110,000.00",22.4,"2,050,000",78.66,1,"6,504,000,000.00","132,700","4,035,461",22.1,3898,"4,805,000,000.00",1.79,4.2
Qatar,Asia,11437,15.54,"5,187,000,000.00",4.61,9046000000,9727000000,15000000000,19490000000,23200,8.7,1230,6150000000,10,18.61,3,"126,000.00",22.9,"140,000",73.67,10,"15,860,000,000.00","30,000","863,051",,,"3,351,000,000.00",2.87,2.7
Greece,Europe,131940,9.72,"-8,000,000,000.00",10.15,47420000000,47220000000,15500000000,2.264E+11,21300,3.7,117000,54280000000,4.1,5.53,2.9,"1,718,400.00",27,"4,400,000",79.09,4.3,"2,021,000,000.00","405,700","10,668,354",112,2571,"7,300,000,000.00",1.33,10
Kuwait,Asia,17820,21.88,"12,040,000,000.00",2.42,30160000000,32430000000,27420000000,48000000000,21300,6.8,4450,11120000000,-5,9.95,2.3,"567,000.00",8,"1,420,000",77.03,5.3,"8,700,000,000.00","293,000","2,335,648",29.6,,"7,333,000,000.00",2.97,2.2
Israel,Asia,20770,18.21,"211,900,000.00",6.18,38300000000,42670000000,34410000000,1.29E+11,20800,3.9,16903,36840000000,4.5,7.03,0,"2,000,000.00",17.6,"2,680,000",79.32,8.7,"10,000,000.00","260,000","6,276,883",104.5,640,"28,480,000,000.00",2.44,10.7
Slovenia,Europe,20273,8.95,"-51,640,000.00",10.22,11800000000,12490000000,14970000000,39410000000,19600,3.9,20250,16070000000,3.9,4.45,3.3,"750,000.00",24.9,"870,000",76.14,1.7,"1,040,000,000.00","53,300","2,011,070",31.5,1201,"8,493,000,000.00",1.24,6.4
Bahrain,Asia,665,18.1,"586,100,000.00",4.08,6379000000,6860000000,8205000000,13010000000,19200,5.6,3459,5870000000,2,17.27,2.1,"195,700.00",12.8,"370,000",74.23,6.3,"32,700,000,000.00","40,000","688,345",63.8,,"2,141,000,000.00",2.63,15
Korea South,Asia,98480,10.08,"26,780,000,000.00",6.26,2.936E+11,3.225E+11,2.506E+11,9.251E+11,19200,4.6,86990,2.142E+11,10.1,7.05,3.6,"29,220,000.00",28.7,"22,900,000",75.82,2.8,"20,920,000,000.00","2,070,000","48,422,644",21.3,3125,"199,100,000,000.00",1.26,3.6
Malta,Europe,316,10.17,"-241,000,000.00",8,2000000000,2150000000,2625000000,7223000000,18200,1,2222,3407000000,,3.89,2.9,"120,000.00",26.4,"160,000",78.86,0.7,,"20,000","398,534",,,"2,865,000,000.00",1.5,7
Portugal,Europe,92391,10.82,"-8,120,000,000.00",10.43,42150000000,43280000000,37680000000,1.887E+11,17900,1.1,17135,52100000000,1.1,5.05,2.1,"3,600,000.00",22.3,"5,480,000",77.53,2.3,"2,542,000,000.00","339,800","10,566,212",61.5,2850,"12,300,000,000.00",1.47,6.5
Czech Republic,Europe,78866,9.07,"-5,730,000,000.00",10.54,55330000000,71750000000,66510000000,1.722E+11,16800,3.7,127204,68190000000,4.7,3.93,3.2,"2,700,000.00",29,"5,250,000",76.02,2.02,"9,892,000,000.00","175,700","10,241,138",33.5,9520,"32,780,000,000.00",1.2,10.6
Hungary,Europe,93030,9.76,"-7,941,000,000.00",13.19,35990000000,34070000000,54620000000,1.493E+11,14900,3.9,159568,58680000000,9.6,8.57,7,"1,600,000.00",22.8,"4,170,000",72.4,1.75,"13,370,000,000.00","140,700","10,006,835",58.3,7937,"14,800,000,000.00",1.32,5.9
Slovakia,Europe,48845,10.62,"-1,400,000,000.00",9.43,28890000000,31150000000,29240000000,78890000000,14500,5.3,42970,29670000000,5.1,7.41,7.5,"1,375,800.00",24,"2,200,000",74.5,1.89,"6,800,000,000.00","82,000","5,431,363",46.6,3661,"14,910,000,000.00",1.32,13.1
Uruguay,America,176220,14.09,"181,800,000.00",9.06,5878000000,8536000000,2200000000,49270000000,14500,10.2,8983,2071000000,22,11.95,7.6,"400,000.00",9.6,"1,560,000",76.13,2,"64,500,000.00","41,500","3,415,920",,2073,"2,362,000,000.00",1.91,13
Estonia,Europe,45226,9.91,"-1,169,000,000.00",13.21,6358000000,8301000000,5701000000,19230000000,14300,6,55944,7318000000,5,7.87,3,"444,000.00",28.2,"660,000",71.77,2,"1,270,000,000.00","24,000","1,332,893",5.4,958,"1,503,000,000.00",1.39,9.6
Oman,Asia,212460,36.73,"2,674,000,000.00",3.86,9792000000,9896000000,13140000000,38090000000,13100,1.2,34965,6373000000,-1.2,19.51,0.2,"180,000.00",13.5,"920,000",73.13,11.4,"6,340,000,000.00","54,000","3,001,583",10.3,,"4,144,000,000.00",5.84,15
Mauritius,Africa,2040,15.62,"284,100,000.00",6.83,1707000000,1836000000,2012000000,15680000000,12800,4.7,2000,2245000000,8,15.03,4.5,"150,000.00",22.5,"560,000",72.38,0.2,,"21,000","1,230,602",29.2,,"1,676,000,000.00",1.96,10.8
Lithuania,Europe,65200,8.62,"-1,600,000,000.00",10.92,10170000000,17930000000,8880000000,45230000000,12500,6.6,77148,11020000000,12,6.89,1.1,"695,700.00",21.9,"1,630,000",73.97,1.9,"2,760,000,000.00","72,000","3,596,617",25.2,1998,"4,610,000,000.00",1.19,8
Argentina,America,2766890,16.9,"5,473,000,000.00",7.56,81650000000,81390000000,33780000000,4.835E+11,12400,8.3,215471,22060000000,12,15.18,6.1,"4,100,000.00",18.3,"15,040,000",75.91,1.3,"31,100,000,000.00","486,000","39,537,943",118,34091,"19,470,000,000.00",2.19,14.8
Poland,Europe,312685,10.78,"-3,831,000,000.00",10.01,1.174E+11,1.338E+11,75980000000,4.63E+11,12000,5.6,364697,81610000000,10,8.51,3.4,"8,970,000.00",18.4,"17,020,000",74.41,1.71,"13,850,000,000.00","424,100","38,635,144",49.9,23852,"41,880,000,000.00",1.39,19.5
Saudi Arabia,Asia,1960582,29.56,"51,500,000,000.00",2.62,1.285E+11,1.382E+11,1.13E+11,3.102E+11,12000,5,152044,36210000000,2.8,13.24,0.8,"1,500,000.00",17.2,"6,620,000",75.46,10,"56,400,000,000.00","1,550,000","26,417,599",75,1392,"23,620,000,000.00",4.05,25
Latvia,Europe,64589,9.04,"-1,251,000,000.00",13.7,5829000000,4547000000,3569000000,26530000000,11500,7.6,60472,5970000000,8.5,9.55,6,"936,000.00",26.1,"1,170,000",71.05,1.2,"1,700,000,000.00","44,000","2,290,237",11.8,2303,"1,650,000,000.00",1.26,8.8
Croatia,Europe,56542,9.57,"-1,925,000,000.00",11.38,15200000000,12510000000,7845000000,50330000000,11200,3.7,28344,16700000000,2.7,6.84,2.5,"1,014,000.00",28.6,"1,710,000",74.45,2.39,"2,840,000,000.00","89,000","4,495,904",41.7,2726,"8,563,000,000.00",1.39,13.8
South Africa,Africa,1219912,18.48,"-2,480,000,000.00",21.32,1.894E+11,2.026E+11,41970000000,4.914E+11,11100,3.5,275971,39420000000,5.5,61.81,4.5,"3,100,000.00",16.7,"16,630,000",43.27,1.5,"1,800,000,000.00","460,000","44,344,136",45.9,22298,"11,680,000,000.00",2.24,26.2
Chile,America,756950,15.44,"2,185,000,000.00",5.76,41800000000,48600000000,29200000000,1.691E+11,10700,5.8,79605,22530000000,7.8,8.8,2.4,"3,575,000.00",23.9,"6,200,000",76.58,3.8,"6,517,000,000.00","240,000","15,980,912",12.8,6585,"16,020,000,000.00",2.02,8.5
Trinidad and Tobago,America,5128,12.81,"1,548,000,000.00",9.37,5341000000,5743000000,6671000000,11480000000,10500,5.7,8320,4650000000,7.2,24.31,3.3,"138,000.00",19.4,"590,000",68.91,0.6,"13,760,000,000.00","24,000","1,088,644",54.4,,"2,927,000,000.00",1.75,10.4
Russia,Europe,17075200,9.8,"46,040,000,000.00",14.52,8.943E+11,9.15E+11,1.625E+11,1.408E+12,9800,6.7,537289,92910000000,6.4,15.39,11.5,"6,000,000.00",19.1,"71,830,000",67.1,,"405,800,000,000.00","2,310,000","143,420,309",28.2,87157,"124,500,000,000.00",1.27,8.3
Malaysia,Asia,329750,23.07,"11,810,000,000.00",5.06,68400000000,75330000000,1.235E+11,2.293E+11,9700,7.1,65877,99300000000,10.2,17.7,1.3,"8,692,100.00",21.7,"10,490,000",72.24,2.03,"31,250,000,000.00","460,000","23,953,136",45.4,2418,"55,270,000,000.00",3.07,3
Costa Rica,America,51100,18.6,"-980,300,000.00",4.33,5733000000,6614000000,6184000000,37970000000,9600,3.9,35303,7842000000,3.1,9.95,11.5,"800,000.00",19.2,"1,810,000",76.84,0.4,,"37,000","4,016,173",58,950,"1,736,000,000.00",2.28,6.6
Mexico,America,1972550,21.01,"-4,113,000,000.00",4.73,1.897E+11,2.036E+11,1.824E+11,1.006E+12,9600,4.1,329532,1.908E+11,3.8,20.91,5.4,"10,033,000.00",19.4,"34,730,000",75.19,0.9,"55,100,000,000.00","1,752,000","106,202,903",23.5,19510,"60,670,000,000.00",2.45,3.2
Botswana,Africa,600370,23.33,"337,000,000.00",29.36,1890000000,930000000,2940000000,15050000000,9200,3.5,10217,2255000000,4.4,54.58,7,"60,000.00",25.5,"264,000",33.87,3.9,,"16,000","1,640,115",8.6,888,"5,700,000,000.00",2.85,23.8
Bulgaria,Europe,110910,9.66,"682,900,000.00",14.26,32710000000,43070000000,9134000000,61630000000,8200,5.3,37077,12230000000,5.2,20.55,6.1,"630,000.00",18.6,"3,398,000",72.03,2.6,"5,804,000,000.00","94,000","7,450,349",41.9,4294,"7,526,000,000.00",1.38,12.7
Brazil,America,8511965,16.83,"8,000,000,000.00",6.15,3.519E+11,3.39E+11,95000000000,1.492E+12,8100,5.1,1724929,61000000000,6,29.61,7.6,"14,300,000.00",19.8,"89,000,000",71.69,1.8,"9,590,000,000.00","2,199,000","186,112,794",52,29412,"52,940,000,000.00",1.93,11.5
Thailand,Asia,514000,15.7,"6,736,000,000.00",7.02,1.061E+11,1.189E+11,87910000000,5.248E+11,8100,6.1,57403,80840000000,8.5,20.48,2.8,"6,971,500.00",22.5,"36,430,000",71.57,1.8,"23,930,000,000.00","785,000","65,444,371",47.6,4071,"48,300,000,000.00",1.88,1.5
Kazakhstan,Asia,2717300,15.78,"-39,020,000.00",9.46,62210000000,66820000000,18470000000,1.184E+11,7800,9.1,82980,13070000000,10.6,29.21,6.9,"250,000.00",23.9,"7,950,000",66.55,0.9,"14,300,000,000.00","189,400","15,185,844",13.7,13601,"14,350,000,000.00",1.89,8
Seychelles,Africa,455,16.22,"-98,420,000.00",6.34,202800000,218000000,256200000,626000000,7800,1.5,373,393400000,,15.53,5,"11,700.00",39.5,"30,900",71.82,1.8,,"4,000","81,188",122.8,,"70,940,000.00",1.75,
Iran,Asia,1648000,16.83,"2,100,000,000.00",5.55,1.199E+11,1.29E+11,38790000000,5.167E+11,7700,6.3,167157,31300000000,3.5,41.58,15.5,"4,300,000.00",31.3,"23,000,000",69.96,3.3,"72,400,000,000.00","1,400,000","68,017,860",27,7203,"29,870,000,000.00",1.82,11.2
Romania,Europe,237500,10.7,"-3,631,000,000.00",11.74,57500000000,56530000000,23540000000,1.715E+11,7700,8.1,198755,28430000000,4,26.43,9.6,"4,000,000.00",23.3,"9,660,000",71.35,2.47,"18,500,000,000.00","253,800","22,329,977",23.6,11385,"16,210,000,000.00",1.36,6.3
Turkey,Asia,780580,16.83,"-15,300,000,000.00",5.96,1.179E+11,1.397E+11,69460000000,5.087E+11,7400,8.2,354421,94500000000,16.5,41.04,9.3,"5,500,000.00",17.3,"25,300,000",72.36,5.3,"15,940,000,000.00","619,500","69,660,559",74.3,8671,"37,100,000,000.00",1.94,9.3
Namibia,Africa,825418,25.16,"234,300,000.00",18.36,1920000000,1167000000,1356000000,14760000000,7300,4.8,42237,1473000000,,48.98,4.2,"65,000.00",19.6,"840,000",43.93,3.1,,"13,000","2,030,692",38.5,2382,"360,000,000.00",3.18,35
Cyprus,Asia,9250,12.57,"-619,900,000.00",7.64,602000000,4000000000,49300000,4540000000,7135,2.6,13943,415200000,-0.3,7.18,2.4,"210,000.00",17.9,"95,025",77.65,3.8,,"49,000","780,133",74.9,,"941,600,000.00",1.83,3.2
Macedonia,Europe,25333,12,"-311,000,000.00",8.73,7216000000,6273000000,1629000000,14400000000,7100,1.3,8684,2677000000,0,10.09,0.4,"100,000.00",17.5,"855,000",73.73,6,,"22,000","2,045,262",20,699,"928,000,000.00",1.57,37.7
Tunisia,Africa,163610,15.5,"71,850,000.00",5.09,10050000000,10720000000,9926000000,70880000000,7100,5.1,18997,11520000000,4.4,24.77,4.1,"630,000.00",24.5,"3,550,000",74.89,1.5,"3,830,000,000.00","87,000","10,074,951",59.2,2152,"3,509,000,000.00",1.75,13.8
Panama,America,78200,19.96,"-469,600,000.00",6.54,4473000000,4873000000,5699000000,20570000000,6900,6,11643,7164000000,5.4,20.47,2,"120,000.00",25,"1,320,000",71.94,1.1,,"40,520","3,039,150",69.2,355,"1,076,000,000.00",2.45,12.6
Belarus,Europe,207600,10.83,"-1,119,000,000.00",14.15,34300000000,30000000000,11470000000,70500000000,6800,6.4,79990,13570000000,4,13.37,17.4,"1,391,900.00",21.8,"4,305,000",68.72,1.4,"18,800,000,000.00","285,000","10,300,483",,5523,"770,200,000.00",1.39,2
Libya,Africa,1759540,26.82,"9,895,000,000.00",3.48,19430000000,20890000000,18650000000,37480000000,6700,4.9,83200,7224000000,,24.6,2.9,"160,000.00",9.9,"1,590,000",76.5,3.9,"5,410,000,000.00","216,000","5,765,563",8.8,,"24,180,000,000.00",3.34,30
Algeria,Africa,2381740,17.13,"11,900,000,000.00",4.6,23610000000,25760000000,32160000000,2.123E+11,6600,6.1,104000,15250000000,6,31,3.1,"500,000.00",26.2,"9,910,000",73,3.2,"22,320,000,000.00","209,000","32,531,853",37.4,3973,"43,550,000,000.00",1.92,25.4
Colombia,America,1138910,20.82,"-1,706,000,000.00",5.59,41140000000,44870000000,15500000000,2.811E+11,6600,3.6,112998,15340000000,4,20.97,5.9,"2,732,200.00",15.8,"20,700,000",71.72,3.4,"5,700,000,000.00","252,000","42,954,279",51.8,3304,"11,940,000,000.00",2.56,13.6
Belize,America,22966,29.34,"-115,000,000.00",6.04,108800000,117000000,401400000,1778000000,6500,3.5,2872,579900000,4.6,25.69,2.9,"30,000.00",33.6,"90,000",67.49,2,,"5,000","279,457",,,"111,100,000.00",3.68,12.9
Bosnia and Herzegovina,Europe,51129,12.49,"-2,100,000,000.00",8.44,8318000000,10040000000,1700000000,26210000000,6500,5,21846,5200000000,5.5,21.05,1.1,"100,000.00",,"1,026,000",72.85,4.5,"300,000,000.00","20,000","4,025,476",,1021,"2,000,000,000.00",1.71,44
Dominican Republic,America,48730,23.28,"762,200,000.00",7.35,8912000000,9583000000,5446000000,55680000000,6300,1.7,12600,8093000000,2,32.38,55,"500,000.00",18.9,,67.26,1.1,,"129,000","8,950,034",61.1,1743,"426,000,000.00",2.86,17
Ukraine,Europe,603700,10.49,"4,584,000,000.00",16.42,1.32E+11,1.8E+11,32910000000,2.991E+11,6300,12,169679,31450000000,16.5,20.34,12,"3,800,000.00",18.8,"21,110,000",66.85,1.4,"79,860,000,000.00","303,000","47,425,336",24.7,22473,"11,330,000,000.00",1.4,3.5
Gabon,Africa,267667,36.24,"196,800,000.00",11.72,1080000000,1161000000,3710000000,7966000000,5900,1.9,8464,1225000000,1.6,53.64,1.5,"35,000.00",21.8,"650,000",55.75,2,"80,000,000.00","13,000","1,389,201",29.3,814,"268,600,000.00",4.77,21
Venezuela,America,912050,18.91,"14,590,000,000.00",4.9,89300000000,89700000000,35840000000,1.452E+11,5800,16.8,96155,14980000000,12.3,22.2,22.4,"1,274,400.00",12.9,"12,250,000",74.31,1.5,"29,400,000,000.00","500,000","25,375,281",43.1,682,"25,750,000,000.00",2.26,17.1
Turkmenistan,Asia,488100,27.68,"114,000,000.00",8.78,8908000000,11410000000,4000000000,27600000000,5700,7.5,24000,2850000000,22,73.08,9,"8,000.00",29,"2,320,000",61.39,3.4,"9,600,000,000.00","63,000","4,952,081",,2440,"3,034,000,000.00",3.41,60
China,Asia,9596960,13.14,"30,320,000,000.00",6.94,1.63E+12,1.91E+12,5.831E+11,7.262E+12,5600,9.1,1765222,5.524E+11,17.1,24.18,4.1,"94,000,000.00",46,"760,800,000",72.27,4.3,"29,180,000,000.00","4,956,000","1,306,313,812",31.4,70058,"609,900,000,000.00",1.72,9.8
Peru,America,1285220,20.87,"-30,000,000.00",6.26,20220000000,22880000000,12300000000,1.553E+11,5600,4.5,78230,9600000000,5.2,31.94,3.8,"2,850,000.00",17.8,"11,000,000",69.53,1.4,"910,000,000.00","161,000","27,925,628",44.1,3462,"12,700,000,000.00",2.56,9.6
Swaziland,Africa,17363,27.72,"-82,400,000.00",25.26,1173000000,402000000,900100000,6018000000,5100,2.5,3107,1140000000,3.7,69.27,5.4,"27,000.00",23.6,"383,200",35.65,1.4,,"3,500","1,173,900",,301,"320,500,000.00",3.7,34
Lebanon,Asia,10400,18.88,"-2,389,000,000.00",6.24,8591000000,8066000000,1783000000,18830000000,5000,4,7300,8162000000,,24.52,2,"400,000.00",26,"2,600,000",72.63,3.1,,"107,000","3,826,018",177.9,401,"16,300,000,000.00",1.92,18
Philippines,Asia,300000,25.31,"3,600,000,000.00",5.47,46050000000,52860000000,38630000000,4.306E+11,5000,5.9,202124,37500000000,5,23.51,5.5,"3,500,000.00",17,"35,860,000",69.91,1,"25,000,000.00","338,000","87,857,473",74.2,897,"16,050,000,000.00",3.16,11.7
Albania,Europe,28748,15.08,"-504,000,000.00",5.12,6760000000,5680000000,552400000,17460000000,4900,5.6,18000,2076000000,3.1,21.52,3.2,"30,000.00",18.4,"1,090,000",77.24,1.49,"30,000,000.00","7,500","3,563,112",,447,"1,206,000,000.00",2.04,14.8
El Salvador,America,21040,27.04,"-880,500,000.00",5.85,4450000000,4158000000,3249000000,32350000000,4900,1.8,10029,5968000000,0.7,25.1,5.4,"550,000.00",16.6,"2,750,000",71.22,1.1,,"39,000","6,704,932",41.7,283,"1,888,000,000.00",3.16,6.3
Paraguay,America,406750,29.43,"-36,110,000.00",4.53,2469000000,48360000000,2936000000,29930000000,4800,2.8,29500,3330000000,0,25.63,5.1,"120,000.00",18.1,"2,660,000",74.89,0.9,,"25,000","6,347,884",39.2,441,"1,164,000,000.00",3.93,15.1
Armenia,Asia,29800,11.76,"-240,400,000.00",8.16,5797000000,6492000000,850000000,13650000000,4600,9,8431,1300000000,15,23.28,3.5,"150,000.00",19.8,"1,400,000",71.55,6.5,"1,400,000,000.00","5,700","2,982,904",,845,"555,000,000.00",1.32,30
Jordan,Asia,92300,21.76,"203,200,000.00",2.63,7094000000,7307000000,3200000000,25500000000,4500,5.1,7301,7600000000,5,17.35,3.2,"457,000.00",11.6,"1,410,000",78.24,14.6,"290,000,000.00","103,000","5,759,732",85.8,505,"5,457,000,000.00",2.71,15
Egypt,Africa,1001450,23.32,"2,113,000,000.00",5.26,75580000000,81270000000,11000000000,3.163E+11,4200,4.5,64000,19210000000,2.5,32.59,9.5,"2,700,000.00",15.8,"20,710,000",71,3.4,"21,200,000,000.00","562,000","77,505,756",102.7,5063,"14,030,000,000.00",2.88,10.9
Guatemala,America,108890,34.11,"-1,381,000,000.00",6.81,5760000000,6608000000,2911000000,59470000000,4200,2.6,14118,7770000000,4.1,35.93,7.2,"400,000.00",14.9,"3,680,000",65.14,0.8,,"61,000","14,655,189",32,886,"3,084,000,000.00",4.53,7.5
Morocco,Africa,446550,22.29,"765,400,000.00",5.64,14240000000,13910000000,9754000000,1.346E+11,4200,4.4,57694,15630000000,,41.62,2.1,"800,000.00",22.4,"11,020,000",70.66,5,"50,000,000.00","167,000","32,725,847",70.2,1907,"15,140,000,000.00",2.73,12.1
Jamaica,America,10991,16.56,"-830,700,000.00",5.37,5849000000,6289000000,1679000000,11130000000,4100,1.9,18700,3624000000,-2,12.36,12.4,"600,000.00",32,"1,140,000",76.29,0.4,,"66,000","2,731,832",146.1,272,"1,400,000,000.00",1.95,15
Sri Lanka,Asia,65610,15.63,"-587,300,000.00",6.49,6228000000,6697000000,5306000000,80580000000,4000,5.2,11650,7265000000,7.1,14.35,5.8,"200,000.00",22.4,"7,260,000",73.17,2.6,,"75,000","20,064,776",104.3,1449,"2,475,000,000.00",1.85,7.8
Azerbaijan,Asia,86600,20.4,"-2,899,000,000.00",9.86,17370000000,17550000000,3168000000,30010000000,3800,9.8,28030,3622000000,4,81.74,4.6,"300,000.00",65.1,"5,090,000",63.35,2.6,"6,720,000,000.00","140,000","7,911,974",18.9,2957,"875,000,000.00",2.44,1.2
Guyana,America,214970,18.45,"-129,400,000.00",8.32,751400000,808000000,570200000,2899000000,3800,1.9,7970,650100000,7.1,33.26,4.5,"125,000.00",34.5,"418,000",65.5,0.9,,"11,000","765,283",,187,"280,600,000.00",2.05,
Ecuador,America,283560,22.67,"261,100,000.00",4.24,75580000000,81270000000,7560000000,49510000000,3700,5.8,43197,7650000000,10,23.66,2,"569,700.00",20.6,"4,530,000",76.21,2.2,"160,000,000.00","129,000","13,363,593",49.2,966,"1,436,000,000.00",2.72,11.1
Indonesia,Asia,1919440,20.71,"7,338,000,000.00",6.25,92350000000,1.102E+11,69860000000,8.274E+11,3500,4.9,342700,45070000000,10.5,35.6,6.1,"8,000,000.00",16.6,"111,500,000",69.57,3,"55,300,000,000.00","1,183,000","241,973,879",56.2,6458,"35,820,000,000.00",2.44,9.2
Iraq,Asia,437072,32.5,"-560,000,000.00",5.49,33700000000,32600000000,10100000000,89800000000,3500,52.3,45550,9900000000,,50.25,25.4,"25,000.00",,"6,700,000",68.7,,"2,350,000,000.00","383,000","26,074,906",,1963,,4.28,25
Syria,Asia,185180,28.29,"1,100,000,000.00",4.88,24320000000,26150000000,6086000000,60440000000,3400,2.3,45697,5042000000,7,29.53,2.1,"220,000.00",16.3,"5,120,000",70.03,5.9,"5,840,000,000.00","240,000","18,448,752",32,2711,"5,000,000,000.00",3.5,20
Lesotho,Africa,30355,26.53,"-108,300,000.00",25.03,308000000,314000000,484500000,5892000000,3200,3.3,5940,730900000,15.5,84.23,5.3,"21,000.00",39.6,"838,000",36.68,2.3,,"1,500","1,867,035",,,"402,200,000.00",3.35,45
Georgia,Asia,69700,10.25,"-632,900,000.00",9.09,6811000000,6732000000,909400000,14450000000,3100,9.5,20229,1806000000,3,18.59,5.5,"150,500.00",18.5,"2,100,000",75.88,0.59,"1,160,000,000.00","31,500","4,677,401",,1612,"231,400,000.00",1.41,17
India,Asia,3287590,22.32,"4,897,000,000.00",8.28,5.101E+11,5.472E+11,69180000000,3.319E+12,3100,6.2,2525989,89330000000,7.4,56.29,4.2,"18,481,000.00",23.8,"482,200,000",64.35,2.5,"22,750,000,000.00","2,130,000","1,080,264,388",59.7,63140,"126,000,000,000.00",2.78,9.2
Cuba,America,110860,12.03,"-185,100,000.00",7.19,13400000000,14410000000,2104000000,33920000000,3000,3,60858,5296000000,1.4,6.33,3.1,"120,000.00",11.2,"4,550,000",77.23,1.8,"600,000,000.00","163,000","11,346,670",,4226,"738,600,000.00",1.66,2.5
Honduras,America,112090,30.38,"258,300,000.00",6.87,3771000000,3626000000,1457000000,18790000000,2800,4.2,13603,3332000000,7.7,29.32,7,"168,600.00",24.1,"2,470,000",65.6,1.4,,"29,000","6,975,204",74.1,699,"1,464,000,000.00",3.87,28.5
Equatorial Guinea,Africa,28051,36.18,"-578,600,000.00",12,24820000,26690000,2771000000,1270000000,2700,20,2880,1167000000,30,85.13,8.5,"1,800.00",50.8,,55.56,2.5,"20,000,000.00","2,000","535,881",,,"235,200,000.00",4.62,30
Vietnam,Asia,329560,17.07,"-2,061,000,000.00",6.2,32060000000,34480000000,23720000000,2.272E+11,2700,7.7,93300,26310000000,16,25.95,9.5,"3,500,000.00",36.6,"42,980,000",70.61,2.5,"1,300,000,000.00","185,000","83,535,576",65.9,2600,"6,510,000,000.00",1.94,1.9
Bolivia,America,1098580,23.76,"273,000,000.00",7.64,3848000000,4132000000,1986000000,22330000000,2600,3.7,60282,1595000000,5.7,53.11,4.9,"270,000.00",10.4,"3,800,000",65.5,1.6,"1,150,000,000.00","49,000","8,857,870",,3519,"1,214,000,000.00",2.94,9.2
Serbia and Montenegro,Europe,102350,12.12,"-3,008,000,000.00",10.49,32330000000,31640000000,3245000000,26270000000,2400,6.5,45290,9538000000,1.7,12.89,8.8,"847,000.00",14.4,"3,200,000",74.73,,"602,000,000.00","64,000","10,829,175",80,4380,"3,550,000,000.00",1.67,30
Ghana,Africa,239460,23.97,"83,870,000.00",10.84,6137000000,6922000000,3010000000,48270000000,2300,5.4,46176,3699000000,3.8,51.43,13,"170,000.00",19.7,"10,240,000",56,0.6,,"38,000","21,029,853",,953,"1,267,000,000.00",3.02,20
Nicaragua,America,129494,24.88,"-843,100,000.00",4.49,2318000000,2553000000,750000000,12340000000,2300,4,18712,2020000000,4.4,29.11,9.3,"90,000.00",28,"1,930,000",70.33,0.7,,"25,770","5,465,100",69.5,6,"670,000,000.00",2.81,7.8
Pakistan,Asia,803940,30.42,"1,400,000,000.00",8.45,52660000000,75270000000,15070000000,3.473E+11,2200,6.1,257683,14010000000,13.1,72.44,4.8,"1,500,000.00",16.4,"45,430,000",63,4.9,"23,400,000,000.00","365,000","162,419,946",71.4,8163,"12,580,000,000.00",4.14,8.3
Papua New Guinea,Oceania,462840,29.95,"29,150,000.00",7.37,1561000000,1679000000,2437000000,11990000000,2200,0.9,19600,1353000000,,51.45,4.2,"75,000.00",13.6,"3,320,000",64.93,1.4,"110,000,000.00","15,000","5,545,268",59.3,,"635,800,000.00",3.96,
Angola,Africa,1246700,44.64,"-37,880,000.00",25.9,1587000000,1707000000,12760000000,23170000000,2100,11.7,51429,4896000000,1,191.19,43.8,"41,000.00",34.5,"5,410,000",36.61,10.6,"530,000,000.00","31,000","11,190,786",,2761,"800,000,000.00",6.27,
Guinea,Africa,245857,42.03,"-308,300,000.00",15.38,795200000,855000000,709200000,19500000000,2100,1,30500,641500000,3.2,90.37,18,"40,000.00",21,"3,000,000",49.86,1.7,,"8,600","9,467,866",,837,"201,700,000.00",5.83,
Bangladesh,Asia,144000,30.01,"216,600,000.00",8.4,15300000000,16450000000,7478000000,2.757E+11,2000,4.9,207486,10030000000,6.5,62.6,6,"243,000.00",23.5,"65,490,000",62.08,1.8,"9,900,000,000.00","71,000","144,319,628",43,2706,"3,000,000,000.00",3.13,40
Cambodia,Asia,181040,27.08,"-316,200,000.00",8.97,100600000,122000000,2311000000,26990000000,2000,5.4,12323,3129000000,22,71.48,3.1,"30,000.00",20.9,"7,000,000",58.87,3,,"7,200","13,607,069",,602,"997,500,000.00",3.44,2.5
Cameroon,Africa,475440,34.67,"-149,100,000.00",15.4,3321000000,3571000000,2445000000,30170000000,1900,4.9,34300,1979000000,4.2,68.26,1,"60,000.00",16.1,"6,680,000",47.84,1.6,-,"22,000","16,380,005",69.1,1008,"687,500,000.00",4.47,30
Laos,Asia,236800,35.99,"-80,760,000.00",11.83,3036000000,3560000000,365500000,11280000000,1900,6,21716,579500000,9.7,85.22,12.3,"15,000.00",,"2,600,000",55.08,0.5,,"2,750","6,217,141",,,"193,100,000.00",4.77,5.7
Moldova,Europe,33843,15.27,"-148,400,000.00",12.79,4605000000,3876000000,1030000000,8581000000,1900,6.8,12719,1830000000,17,40.42,11.5,"150,000.00",17.1,"1,360,000",65.18,0.4,"2,050,000,000.00","24,000","4,455,421",63.4,1138,"390,000,000.00",1.81,8
Sudan,Africa,2505810,35.17,"-763,600,000.00",9.16,2400000000,2581000000,3395000000,76190000000,1900,6.4,11900,3496000000,8.5,62.5,9,"300,000.00",16,"11,000,000",58.54,3,,"70,000","40,187,486",79.7,5995,"1,652,000,000.00",4.85,18.7
Zimbabwe,Africa,390580,29.74,"-230,300,000.00",24.66,11220000000,8839000000,1409000000,24370000000,1900,-8.2,18338,1599000000,-7.8,67.69,133,"500,000.00",9.9,"4,230,000",36.67,4.3,,"23,000","12,746,990",52.3,3077,"57,000,000.00",3.54,70
Gambia The,Africa,11300,39.86,"-16,400,000.00",11.81,83990000,90310000,114400000,2799000000,1800,6,2700,180900000,,72.02,7,"25,000.00",25.3,"400,000",55.2,0.3,,"1,900","1,593,256",,,"113,100,000.00",5.38,
Uzbekistan,Asia,447400,26.22,"461,900,000.00",7.95,46660000000,47700000000,3700000000,47590000000,1800,4.4,81600,2820000000,6.2,71.1,3,"492,000.00",,"14,640,000",64.19,2,"45,200,000,000.00","142,000","26,851,195",41.5,3950,"1,603,000,000.00",2.94,0.6
Burma,Asia,678500,18.11,"-185,000,000.00",12.15,3484000000,5068000000,2137000000,74300000000,1700,-1.3,28200,1754000000,,67.24,17.2,"28,000.00",10.2,"27,010,000",56.22,2.1,"1,569,000,000.00","60,950","42,909,464",,3955,"590,000,000.00",2.01,5.2
Kyrgyzstan,Asia,198500,22.48,"-87,920,000.00",7.13,10210000000,11720000000,646700000,8495000000,1700,6,18500,775100000,6,35.64,3.2,"152,000.00",17,"2,700,000",68.16,1.4,"2,016,000,000.00","20,000","5,146,281",,470,"498,700,000.00",2.7,18
Senegal,Africa,196190,35.21,"-518,800,000.00",10.6,1615000000,1737000000,1374000000,18360000000,1700,3.2,14576,2128000000,4.7,55.51,0.8,"225,000.00",20.1,"4,650,000",56.75,1.5,"50,000,000.00","31,000","11,126,832",55.2,906,"820,000,000.00",4.75,48
Chad,Africa,1284000,45.98,"330,200,000.00",16.41,89400000,96130000,365000000,15660000000,1600,38,33400,500700000,5,93.82,8,"15,000.00",24.7,,47.94,2.1,,"1,500","9,826,419",,,"652,700,000.00",6.32,
Togo,Africa,56785,33.48,"-125,600,000.00",11.8,451200000,108800000,663100000,8684000000,1600,3,7520,824900000,,66.61,1,"210,000.00",19.1,"1,740,000",52.64,1.9,,"10,000","5,681,519",,568,"267,400,000.00",4.61,
Cote d'Ivoire,Africa,322460,35.51,"-421,500,000.00",14.94,2976000000,4759000000,5124000000,24780000000,1500,-1,50400,3360000000,15,90.83,1.4,"90,000.00",11.3,"6,700,000",48.62,1.2,"1,350,000,000.00","32,000","17,298,040",74.8,660,"1,950,000,000.00",4.58,13
Haiti,America,27750,36.59,"-27,630,000.00",12.34,574700000,618000000,338100000,12050000000,1500,-3.5,4160,1085000000,,73.45,22,"80,000.00",,"3,600,000",52.92,0.9,,"11,000","8,121,622",,,"80,640,000.00",5.02,
Uganda,Africa,236040,47.39,"-590,800,000.00",12.8,1401000000,1775000000,621700000,39390000000,1500,5,27000,1306000000,5.6,67.83,3.5,"125,000.00",22.4,"12,410,000",51.59,2.2,,"8,750","27,269,482",73.9,1241,"1,200,000,000.00",6.74,
Cape Verde,Africa,4033,25.33,"-93,760,000.00",6.62,40060000,43080000,61110000,600000000,1400,5,1100,387300000,,47.77,1.5,"20,400.00",19.2,,70.45,1.5,,"2,000","418,224",,,"112,700,000.00",3.48,21
Rwanda,Africa,26338,40.6,"-212,500,000.00",16.32,195000000,166700000,69780000,10430000000,1300,0.9,12000,260000000,7,91.23,7,"25,000.00",20,"4,600,000",46.96,3.2,,"5,300","8,440,820",,,"210,900,000.00",5.49,
Benin,Africa,112620,41.99,"-159,900,000.00",13.76,565200000,285200000,720900000,8338000000,1200,5,6787,934500000,8.3,85,2.8,"70,000.00",19.3,,50.51,2.4,,"11,500","7,460,025",,578,"839,300,000.00",5.86,
Burkina Faso,Africa,274200,44.17,"-471,700,000.00",18.86,335700000,361000000,418600000,15740000000,1200,4.8,12506,866300000,14,97.57,2.4,"48,000.00",29.1,"5,000,000",43.92,1.3,,"8,000","13,925,313",,622,"474,900,000.00",6.23,
Mozambique,Africa,801590,35.79,"-101,200,000.00",20.99,5046000000,8859000000,689400000,23380000000,1200,8.2,30400,972900000,3.4,130.79,12.8,"50,000.00",47,"9,200,000",40.32,2.2,"60,000,000.00","8,500","19,406,703",,3123,"1,206,000,000.00",4.7,21
Sao Tome and Principe,Africa,1001,40.8,"-31,500,000.00",6.68,15810000,17000000,6700000,214000000,1200,6,320,41000000,,43.11,14,"15,000.00",31.5,,66.99,0.8,,700,"187,410",,,"29,780,000.00",5.71,
Kenya,Africa,582650,40.13,"-459,200,000.00",14.65,4337000000,4475000000,2589000000,34680000000,1100,2.2,63942,4190000000,2.6,61.47,9,"400,000.00",14.7,"11,400,000",47.99,1.3,,"57,000","33,829,590",74.3,2778,"1,500,000,000.00",4.96,40
Tajikistan,Asia,143100,32.58,"-52,000,000.00",8.39,14410000000,15080000000,1130000000,7950000000,1100,10.5,27767,1300000000,8.2,110.76,8,"4,100.00",22,"3,187,000",64.56,3.9,"1,300,000,000.00","20,000","7,163,506",,482,"145,300,000.00",4.05,40
Nigeria,Africa,923768,40.65,"5,228,000,000.00",17.18,18430000000,19850000000,33990000000,1.257E+11,1000,6.2,194394,17140000000,1.8,98.8,16.5,"750,000.00",18,"55,670,000",46.74,0.8,"7,850,000,000.00","275,000","128,771,988",20,3557,"14,710,000,000.00",5.53,
Eritrea,Africa,121320,38.62,"-144,900,000.00",13.53,229400000,246600000,64440000,4154000000,900,2.5,4010,622000000,,74.87,10,"9,500.00",26.3,,52.16,13.4,,"6,000","4,561,599",,306,"30,870,000.00",5.61,
Zambia,Africa,752614,41.38,"-181,400,000.00",20.23,5345000000,8167000000,1548000000,9409000000,900,4.6,91440,1519000000,6.9,88.29,18.3,"68,200.00",41.4,"4,630,000",39.7,1.8,,"11,000","11,261,795",127.5,2173,"345,000,000.00",5.47,50
Congo Republic of the,Africa,342000,27.88,"266,000,000.00",14.82,573600000,348000000,2224000000,2324000000,800,3.7,12800,749300000,0,92.41,1.8,"15,000.00",25.8,,48.97,2.8,-,"5,000","3,039,126",,894,"40,420,000.00",3.54,
Ethiopia,Africa,1127127,38.61,"-464,400,000.00",15.06,1998000000,2149000000,562800000,54890000000,800,11.6,33297,2104000000,6.7,95.32,2.4,"75,000.00",17.8,,48.83,4.6,,"23,000","73,053,286",,681,"923,100,000.00",5.33,
Madagascar,Africa,587040,41.66,"-281,900,000.00",11.35,781400000,840200000,868200000,14560000000,800,5.5,49827,1147000000,3,76.83,7.5,"70,500.00",14.7,"7,300,000",56.95,1.2,,"13,000","18,040,341",,732,"500,300,000.00",5.66,
Yemen,Asia,527970,43.07,"369,900,000.00",8.53,2827000000,3040000000,4468000000,16250000000,800,1.9,67000,3734000000,3,61.5,12.2,"100,000.00",16.1,"5,980,000",61.75,7.8,-,"78,000","20,727,063",46.4,,"5,300,000,000.00",6.67,35
Tanzania,Africa,945087,38.16,"-327,400,000.00",16.71,2566000000,2727000000,1248000000,23710000000,700,5.8,88200,1972000000,8.4,98.54,5.4,"250,000.00",16.2,"19,000,000",45.24,0.2,,"17,000","36,766,356",5,3690,"2,175,000,000.00",5.06,
Burundi,Africa,27830,39.66,"-59,500,000.00",17.43,137800000,132000000,31840000,4001000000,600,3,14480,138200000,18,69.29,8.5,"14,000.00",10.7,"2,990,000",43.5,6,,"2,750","6,370,609",,,"76,890,000.00",5.81,
Malawi,Africa,118480,43.95,"-55,500,000.00",23.39,1012000000,1088000000,503400000,7410000000,600,4,28400,521100000,1.4,103.32,12,"36,000.00",10.7,"4,500,000",36.97,0.7,,"5,400","12,158,924",228.3,797,"160,500,000.00",5.98,
